id,first_name,last_name,email,gender,ip_address
1,Cody,Tillot,ctillot0@irs.gov,Female,14.68.87.67
2,Merrily,Capeling,mcapeling1@behance.net,Female,124.202.77.229
3,Carmina,Garatty,cgaratty2@engadget.com,Female,117.227.70.170
4,Ronny,Muckersie,rmuckersie3@opera.com,Male,179.137.22.128
5,Bondon,Rustidge,brustidge4@berkeley.edu,Male,246.129.66.25
6,Wainwright,Sturges,wsturges5@constantcontact.com,Male,197.163.62.221
7,Roth,Lambertson,rlambertson6@zimbio.com,Male,114.166.138.43
8,Zebulon,Allibon,zallibon7@admin.ch,Male,241.197.225.80
9,Brody,Gerty,bgerty8@huffingtonpost.com,Male,206.167.242.95
10,Ronny,Slack,rslack9@shinystat.com,Male,250.242.78.184
11,Fielding,Llewelly,fllewellya@sbwire.com,Male,216.234.21.19
12,Ynes,Ikin,yikinb@jigsy.com,Genderqueer,225.119.243.43
13,Melosa,Thompson,mthompsonc@forbes.com,Female,165.33.239.125
14,Joanie,Summers,jsummersd@thetimes.co.uk,Female,119.151.117.163
15,Gwennie,Chicotti,gchicottie@msn.com,Non-binary,42.4.69.162
16,Terri-jo,Setchell,tsetchellf@acquirethisname.com,Female,183.25.78.229
17,Bradly,Pariss,bparissg@icio.us,Male,52.188.229.161
18,Gwenore,Shingles,gshinglesh@themeforest.net,Female,47.177.112.248
19,Cyrillus,Coram,ccorami@cyberchimps.com,Male,142.62.191.155
20,Chris,Feely,cfeelyj@blogger.com,Male,194.31.131.7221
21,KhoiNguyen,khoinguyen@blogger.com,Male,194.31.131.72
22,Khoi,Nguyen,khoi@gmail.com,Male,1.1.1.1
23,Khoi,Nguyen,khoi@gmail.com,Male,1.1.1.1
